{
  "version": 1,
  "width": 160,
  "height": 35,
  "duration": 4.989896,
  "command": null,
  "title": null,
  "env": {
    "TERM": "xterm-256color",
    "SHELL": "/bin/bash"
  },
  "stdout": [
    [
      0.014936,
      "\u001b[?1034hbash-3.2$ "
    ],
    [
      1.810193,
      "h"
    ],
    [
      0.089681,
      "e"
    ],
    [
      0.135764,
      "l"
    ],
    [
      0.149436,
      "l"
    ],
    [
      0.210152,
      "o"
    ],
    [
      0.284994,
      "\r\n"
    ],
    [
      0.009035,
      "bash: hello: command not found\r\n"
    ],
    [
      0.000608,
      "bash-3.2$ "
    ],
    [
      1.580186,
      "a"
    ],
    [
      0.031785,
      "s"
    ],
    [
      0.088598,
      "d"
    ],
    [
      0.089563,
      "f"
    ],
    [
      0.134917,
      "h"
    ],
    [
      0.34522,
      "\r\n"
    ],
    [
      0.012495,
      "bash: asdfh: command not found\r\n"
    ],
    [
      0.000571,
      "bash-3.2$ "
    ]
  ]
}